Video,Label Description,Category Description,Start Time,End Time,Confidence,_synthetic
synthetic_video_0000.mp4,party,Entertainment,0.0,4.14,0.8839,True
synthetic_video_0000.mp4,explosion,Action,4.41,9.92,0.9258,True
synthetic_video_0000.mp4,soccer,Sports,8.35,12.26,0.9958,True
synthetic_video_0000.mp4,spotlight,Entertainment,12.07,14.14,0.6651,True
synthetic_video_0000.mp4,chase,Action,10.95,13.99,0.819,True
synthetic_video_0000.mp4,party,Entertainment,18.38,20.21,0.7774,True
synthetic_video_0000.mp4,fight,Sports,18.85,22.26,0.8501,True
synthetic_video_0000.mp4,explosion,Action,25.53,30.64,0.96,True
synthetic_video_0000.mp4,concert,Entertainment,29.7,33.75,0.5975,True
synthetic_video_0000.mp4,fight,Action,39.05,44.51,0.9703,True
synthetic_video_0000.mp4,tears,Drama,32.99,36.68,0.9496,True
synthetic_video_0000.mp4,fight,Action,42.87,47.5,0.9924,True
synthetic_video_0000.mp4,basketball,Sports,48.06,51.19,0.8748,True
synthetic_video_0000.mp4,swimming,Sports,38.18,43.16,0.8966,True
synthetic_video_0000.mp4,battle,Action,60.73,65.59,0.9267,True
synthetic_video_0000.mp4,conversation,Drama,51.1,55.65,0.9632,True
synthetic_video_0000.mp4,explosion,Action,69.97,75.8,0.8415,True
synthetic_video_0000.mp4,soccer,Sports,42.84,48.16,0.6718,True
synthetic_video_0000.mp4,audience,Entertainment,79.55,83.8,0.9583,True
synthetic_video_0000.mp4,cry,Drama,78.06,80.32,0.6601,True
synthetic_video_0000.mp4,fun,Comedy,75.48,80.72,0.8292,True
synthetic_video_0000.mp4,kitchen,Food,66.38,71.51,0.9714,True
synthetic_video_0000.mp4,festival,Entertainment,69.26,71.28,0.9824,True
synthetic_video_0001.mp4,snow,Nature,0.0,3.39,0.8149,True
synthetic_video_0001.mp4,stage,Entertainment,3.16,7.27,0.8656,True
synthetic_video_0001.mp4,concert,Entertainment,8.37,12.72,0.7857,True
synthetic_video_0001.mp4,smile,Comedy,11.59,15.76,0.9087,True
synthetic_video_0001.mp4,exercise,Lifestyle,13.48,15.55,0.8185,True
synthetic_video_0001.mp4,audience,Entertainment,17.33,22.22,0.8101,True
synthetic_video_0001.mp4,candlelight,Romance,16.19,18.76,0.809,True
synthetic_video_0001.mp4,fight,Sports,27.02,28.74,0.9833,True
synthetic_video_0001.mp4,sports,Sports,20.53,22.96,0.9053,True
synthetic_video_0001.mp4,fight,Action,27.2,32.54,0.7681,True
synthetic_video_0001.mp4,argument,Drama,39.42,42.8,0.9075,True
synthetic_video_0001.mp4,athletics,Sports,40.8,46.74,0.8065,True
synthetic_video_0001.mp4,joke,Comedy,33.81,37.2,0.8661,True
synthetic_video_0001.mp4,vehicle,Action,42.09,45.08,0.7592,True
synthetic_video_0001.mp4,festival,Entertainment,36.03,37.79,0.8727,True
synthetic_video_0001.mp4,sky,Nature,65.01,66.89,0.8584,True
synthetic_video_0001.mp4,candlelight,Romance,53.37,57.23,0.8824,True
synthetic_video_0001.mp4,shopping,Lifestyle,44.31,48.68,0.8384,True
synthetic_video_0001.mp4,travel,Travel,71.76,74.35,0.8925,True
synthetic_video_0001.mp4,laugh,Comedy,65.92,70.25,0.9306,True
synthetic_video_0001.mp4,rain,Nature,58.48,60.12,0.9059,True
synthetic_video_0001.mp4,sky,Nature,56.18,58.81,0.4618,True
synthetic_video_0001.mp4,cry,Drama,85.56,88.46,0.9286,True
synthetic_video_0001.mp4,joke,Comedy,61.81,64.86,0.9743,True
synthetic_video_0002.mp4,snow,Nature,0.0,5.26,0.7301,True
synthetic_video_0002.mp4,swimming,Sports,2.53,7.35,0.955,True
synthetic_video_0002.mp4,party,Entertainment,6.36,9.79,0.8978,True
synthetic_video_0002.mp4,laugh,Comedy,12.08,14.96,0.9369,True
synthetic_video_0002.mp4,sports,Sports,17.18,18.78,0.6353,True
synthetic_video_0002.mp4,airport,Travel,14.46,16.1,0.5682,True
synthetic_video_0002.mp4,rain,Nature,22.29,27.73,0.889,True
synthetic_video_0002.mp4,wildlife,Nature,19.35,24.01,0.553,True
synthetic_video_0002.mp4,athletics,Sports,22.33,24.07,0.8167,True
synthetic_video_0002.mp4,joke,Comedy,26.99,28.52,0.7658,True
synthetic_video_0002.mp4,crash,Action,39.88,43.41,0.7636,True
synthetic_video_0002.mp4,crash,Action,29.01,34.17,0.7942,True
synthetic_video_0002.mp4,laugh,Comedy,30.21,34.54,0.8989,True
synthetic_video_0002.mp4,tears,Drama,34.16,39.07,0.7943,True
synthetic_video_0002.mp4,athletics,Sports,48.85,50.83,0.7246,True
synthetic_video_0002.mp4,singing,Entertainment,40.5,42.36,0.6543,True
synthetic_video_0002.mp4,fight,Sports,56.27,59.16,0.6936,True
synthetic_video_0002.mp4,ocean,Nature,46.38,51.46,0.8464,True
synthetic_video_0002.mp4,stage,Entertainment,68.96,71.15,0.7645,True
synthetic_video_0002.mp4,coffee,Lifestyle,53.58,55.75,0.696,True
synthetic_video_0002.mp4,tense moment,Drama,89.82,94.8,0.832,True
synthetic_video_0002.mp4,singing,Entertainment,69.51,72.37,0.8105,True
synthetic_video_0002.mp4,performance,Entertainment,78.37,81.13,0.9281,True
synthetic_video_0002.mp4,fight,Action,102.0,107.25,0.6971,True
synthetic_video_0003.mp4,tears,Drama,0.0,1.84,0.7448,True
synthetic_video_0003.mp4,airport,Travel,4.4,5.97,0.8423,True
synthetic_video_0003.mp4,party,Entertainment,6.99,11.66,0.9402,True
synthetic_video_0003.mp4,cycling,Sports,13.09,17.46,0.9154,True
synthetic_video_0003.mp4,city,Travel,15.73,20.72,0.8396,True
synthetic_video_0003.mp4,meal,Food,17.6,21.92,0.7069,True
synthetic_video_0003.mp4,sunset,Nature,16.23,20.71,0.8387,True
synthetic_video_0003.mp4,crash,Action,20.59,23.58,0.9149,True
synthetic_video_0003.mp4,basketball,Sports,25.05,28.19,0.8265,True
synthetic_video_0003.mp4,swimming,Sports,28.3,33.06,0.9506,True
synthetic_video_0003.mp4,kitchen,Food,28.98,34.97,0.9926,True
synthetic_video_0003.mp4,playful interaction,Comedy,39.91,43.28,0.8988,True
synthetic_video_0003.mp4,fashion,Lifestyle,37.4,39.06,0.877,True
synthetic_video_0003.mp4,destruction,Action,40.65,44.95,0.8706,True
synthetic_video_0003.mp4,travel,Travel,42.38,47.24,0.8471,True
synthetic_video_0004.mp4,concert,Entertainment,0.0,4.91,0.5233,True
synthetic_video_0004.mp4,playful interaction,Comedy,2.54,4.6,0.802,True
synthetic_video_0004.mp4,soccer,Sports,5.89,10.98,0.754,True
synthetic_video_0004.mp4,travel,Travel,11.9,14.45,0.7906,True
synthetic_video_0004.mp4,concert,Entertainment,15.11,19.55,0.9874,True
synthetic_video_0004.mp4,music,Entertainment,19.89,24.66,0.7504,True
synthetic_video_0004.mp4,dance,Entertainment,18.22,21.86,0.957,True
synthetic_video_0004.mp4,mountain,Nature,30.44,34.23,0.9553,True
synthetic_video_0004.mp4,athletics,Sports,25.68,27.36,0.6317,True
synthetic_video_0004.mp4,cooking,Food,40.23,45.39,0.8739,True
synthetic_video_0004.mp4,conversation,Drama,42.57,45.51,0.922,True
synthetic_video_0004.mp4,soccer,Sports,37.52,41.83,0.8853,True
synthetic_video_0004.mp4,basketball,Sports,40.06,43.5,0.9792,True
synthetic_video_0005.mp4,rain,Nature,0.0,5.6,0.7968,True
synthetic_video_0005.mp4,spotlight,Entertainment,4.0,8.96,0.9614,True
synthetic_video_0005.mp4,smile,Comedy,7.87,11.01,0.8735,True
synthetic_video_0005.mp4,fight,Sports,7.6,9.43,0.8209,True
synthetic_video_0005.mp4,vehicle,Action,10.95,12.53,0.7263,True
synthetic_video_0005.mp4,tense moment,Drama,15.58,17.45,0.9296,True
synthetic_video_0005.mp4,food,Food,25.5,31.17,0.9448,True
synthetic_video_0005.mp4,sky,Nature,18.22,21.03,0.9734,True
synthetic_video_0005.mp4,competition,Sports,23.26,27.75,0.7845,True
synthetic_video_0005.mp4,scenery,Travel,25.95,29.89,0.7545,True
synthetic_video_0005.mp4,celebration,Entertainment,25.46,31.34,0.9742,True
synthetic_video_0005.mp4,sunset,Nature,46.96,51.28,0.9373,True
synthetic_video_0005.mp4,weapon,Action,35.66,39.29,0.9634,True
synthetic_video_0005.mp4,basketball,Sports,36.3,38.56,0.7962,True
synthetic_video_0005.mp4,embrace,Drama,59.4,63.39,0.7675,True
synthetic_video_0005.mp4,food,Food,51.57,54.87,0.9395,True
synthetic_video_0005.mp4,playful interaction,Comedy,47.92,52.09,0.6228,True
synthetic_video_0005.mp4,cry,Drama,74.12,79.22,0.9315,True
synthetic_video_0005.mp4,love,Romance,77.6,81.72,0.7547,True
synthetic_video_0005.mp4,kitchen,Food,78.51,82.45,0.9614,True
synthetic_video_0005.mp4,dance,Entertainment,51.51,53.4,0.9001,True
synthetic_video_0005.mp4,joke,Comedy,89.09,92.91,0.7942,True
synthetic_video_0005.mp4,cry,Drama,57.23,62.59,0.6305,True
synthetic_video_0005.mp4,stunt,Action,65.52,69.89,0.6694,True
synthetic_video_0005.mp4,laugh,Comedy,85.39,89.6,0.9785,True
synthetic_video_0005.mp4,train,Travel,83.83,88.12,0.7837,True
synthetic_video_0005.mp4,embrace,Drama,113.73,119.67,0.8479,True
synthetic_video_0005.mp4,forest,Nature,103.82,107.18,0.9091,True
synthetic_video_0005.mp4,cooking,Food,119.35,121.63,0.7007,True
synthetic_video_0005.mp4,mountain,Nature,99.41,104.57,0.8755,True
synthetic_video_0005.mp4,mountain,Nature,134.88,139.63,0.6567,True
synthetic_video_0005.mp4,singing,Entertainment,109.92,111.91,0.879,True
synthetic_video_0005.mp4,stage,Entertainment,138.41,141.84,0.7947,True
synthetic_video_0005.mp4,kitchen,Food,141.09,145.45,0.84,True
synthetic_video_0005.mp4,embrace,Drama,85.41,88.54,0.7192,True
synthetic_video_0006.mp4,fashion,Lifestyle,0.0,5.52,0.7343,True
synthetic_video_0006.mp4,cry,Drama,3.39,5.91,0.8632,True
synthetic_video_0006.mp4,audience,Entertainment,5.65,10.76,0.902,True
synthetic_video_0006.mp4,fight,Sports,11.37,14.95,0.9807,True
synthetic_video_0006.mp4,couple,Romance,12.29,18.15,0.8563,True
synthetic_video_0006.mp4,dance,Entertainment,21.24,25.52,0.8585,True
synthetic_video_0006.mp4,sports,Sports,21.58,27.38,0.9169,True
synthetic_video_0006.mp4,tense moment,Drama,27.43,32.96,0.7985,True
synthetic_video_0006.mp4,smile,Comedy,26.8,31.87,0.7905,True
synthetic_video_0006.mp4,explosion,Action,26.09,31.41,0.9068,True
synthetic_video_0006.mp4,sports,Sports,27.54,31.54,0.7014,True
synthetic_video_0006.mp4,sports,Sports,43.92,48.79,0.8614,True
synthetic_video_0006.mp4,joke,Comedy,53.58,57.09,0.9576,True
synthetic_video_0006.mp4,explosion,Action,50.18,55.16,0.9263,True
synthetic_video_0006.mp4,water,Nature,42.67,44.33,0.7944,True
synthetic_video_0006.mp4,audience,Entertainment,41.1,45.8,0.9948,True
synthetic_video_0006.mp4,airport,Travel,55.71,58.65,0.7035,True
synthetic_video_0006.mp4,emotional reaction,Drama,44.95,46.8,0.8922,True
synthetic_video_0006.mp4,fun,Comedy,50.16,54.55,0.9213,True
synthetic_video_0006.mp4,swimming,Sports,66.85,72.62,0.7755,True
synthetic_video_0007.mp4,travel,Travel,0.0,2.17,0.8535,True
synthetic_video_0007.mp4,stage,Entertainment,2.73,6.79,0.9709,True
synthetic_video_0007.mp4,audience,Entertainment,8.72,14.41,0.5775,True
synthetic_video_0007.mp4,train,Travel,10.64,16.19,0.838,True
synthetic_video_0007.mp4,spotlight,Entertainment,15.41,17.72,0.9128,True
synthetic_video_0007.mp4,romance,Romance,20.99,24.61,0.9044,True
synthetic_video_0007.mp4,basketball,Sports,17.09,18.9,0.86,True
synthetic_video_0007.mp4,tears,Drama,28.48,30.95,0.9786,True
synthetic_video_0007.mp4,dance,Entertainment,22.38,24.78,0.8823,True
synthetic_video_0007.mp4,spotlight,Entertainment,32.91,37.61,0.7887,True
synthetic_video_0007.mp4,laugh,Comedy,41.44,43.71,0.5887,True
synthetic_video_0007.mp4,celebration,Entertainment,31.34,36.67,0.8804,True
synthetic_video_0007.mp4,tense moment,Drama,50.24,53.07,0.8796,True
synthetic_video_0007.mp4,kiss,Romance,48.11,50.15,0.9358,True
synthetic_video_0007.mp4,sports,Sports,62.46,65.29,0.7383,True
synthetic_video_0007.mp4,explosion,Action,42.16,45.59,0.8478,True
synthetic_video_0007.mp4,singing,Entertainment,47.19,52.39,0.6743,True
synthetic_video_0007.mp4,shopping,Lifestyle,66.3,67.84,0.8425,True
synthetic_video_0007.mp4,fight,Sports,76.08,78.06,0.845,True
synthetic_video_0007.mp4,stunt,Action,65.42,71.18,0.8791,True
synthetic_video_0007.mp4,smile,Comedy,83.51,87.39,0.7591,True
synthetic_video_0007.mp4,beach,Travel,68.26,71.07,0.9625,True
synthetic_video_0007.mp4,celebration,Entertainment,88.87,93.58,0.8607,True
synthetic_video_0007.mp4,tears,Drama,76.05,77.85,0.7907,True
synthetic_video_0007.mp4,dance,Entertainment,69.93,74.16,0.9825,True
synthetic_video_0007.mp4,spotlight,Entertainment,66.27,68.68,0.764,True
synthetic_video_0007.mp4,swimming,Sports,109.58,111.97,0.9319,True
synthetic_video_0008.mp4,emotional reaction,Drama,0.0,3.15,0.919,True
synthetic_video_0008.mp4,tears,Drama,3.83,6.28,0.7923,True
synthetic_video_0008.mp4,running,Sports,6.51,11.47,0.9181,True
synthetic_video_0008.mp4,playful interaction,Comedy,8.13,10.44,0.8934,True
synthetic_video_0008.mp4,cycling,Sports,15.8,21.75,0.9703,True
synthetic_video_0008.mp4,cooking,Food,16.26,18.08,0.6897,True
synthetic_video_0008.mp4,audience,Entertainment,25.41,30.1,0.699,True
synthetic_video_0008.mp4,cycling,Sports,19.23,22.87,0.9027,True
synthetic_video_0008.mp4,conversation,Drama,22.66,25.66,0.7726,True
synthetic_video_0008.mp4,sports,Sports,37.67,41.04,0.9038,True
synthetic_video_0008.mp4,fun,Comedy,32.15,33.97,0.8224,True
synthetic_video_0008.mp4,fight,Action,43.63,47.03,0.7641,True
synthetic_video_0008.mp4,sports,Sports,49.81,54.94,0.9406,True
synthetic_video_0008.mp4,crash,Action,51.18,55.26,0.7864,True
synthetic_video_0008.mp4,emotional reaction,Drama,59.28,64.73,0.993,True
synthetic_video_0008.mp4,tears,Drama,40.26,44.11,0.9181,True
synthetic_video_0008.mp4,running,Sports,62.2,66.48,0.955,True
synthetic_video_0008.mp4,cry,Drama,54.33,56.68,0.8999,True
synthetic_video_0008.mp4,city,Travel,72.73,76.26,0.8505,True
synthetic_video_0008.mp4,cycling,Sports,71.3,75.47,0.7082,True
synthetic_video_0008.mp4,meal,Food,62.63,65.95,0.8882,True
synthetic_video_0008.mp4,boxing,Sports,91.61,94.56,0.901,True
synthetic_video_0008.mp4,party,Entertainment,70.04,72.22,0.9509,True
synthetic_video_0008.mp4,party,Entertainment,65.54,68.66,0.8565,True
synthetic_video_0008.mp4,sunset,Nature,94.01,95.58,0.7458,True
synthetic_video_0008.mp4,spotlight,Entertainment,65.78,71.4,0.9705,True
synthetic_video_0008.mp4,exercise,Lifestyle,115.36,119.38,0.8339,True
synthetic_video_0008.mp4,candlelight,Romance,68.26,72.63,0.9685,True
synthetic_video_0009.mp4,playful interaction,Comedy,0.0,4.39,0.8278,True
synthetic_video_0009.mp4,meal,Food,3.43,8.73,0.5564,True
synthetic_video_0009.mp4,playful interaction,Comedy,8.29,11.3,0.902,True
synthetic_video_0009.mp4,competition,Sports,11.94,14.57,0.9694,True
synthetic_video_0009.mp4,tense moment,Drama,11.84,14.31,0.8241,True
synthetic_video_0009.mp4,meal,Food,13.24,18.6,0.3941,True
synthetic_video_0009.mp4,party,Entertainment,22.5,24.87,0.6726,True
synthetic_video_0009.mp4,rain,Nature,30.54,33.0,0.9243,True
synthetic_video_0009.mp4,battle,Action,31.11,36.91,0.9687,True
synthetic_video_0009.mp4,yoga,Lifestyle,30.89,32.46,0.8512,True
synthetic_video_0009.mp4,water,Nature,37.77,43.69,0.7574,True
synthetic_video_0009.mp4,vehicle,Action,30.93,35.94,0.6485,True
synthetic_video_0009.mp4,embrace,Drama,49.1,53.0,0.6084,True
synthetic_video_0009.mp4,argument,Drama,40.63,42.91,0.8782,True
synthetic_video_0009.mp4,dance,Entertainment,61.56,64.47,0.895,True
synthetic_video_0009.mp4,fun,Comedy,57.15,58.85,0.57,True
synthetic_video_0009.mp4,beach,Travel,58.54,62.9,0.5794,True
synthetic_video_0009.mp4,festival,Entertainment,56.36,59.83,0.7496,True
synthetic_video_0009.mp4,soccer,Sports,58.69,62.13,0.7924,True
synthetic_video_0009.mp4,conversation,Drama,53.25,58.91,0.6981,True
synthetic_video_0009.mp4,food,Food,83.87,88.42,0.9221,True
synthetic_video_0009.mp4,destruction,Action,57.25,62.86,0.8529,True
synthetic_video_0009.mp4,smile,Comedy,60.62,64.17,0.6779,True
synthetic_video_0009.mp4,candlelight,Romance,99.96,104.31,0.8181,True
synthetic_video_0009.mp4,performance,Entertainment,97.04,99.47,0.8739,True
synthetic_video_0009.mp4,fun,Comedy,79.04,82.33,0.6543,True
synthetic_video_0009.mp4,nature,Nature,71.11,73.86,0.912,True
synthetic_video_0009.mp4,festival,Entertainment,117.1,119.98,0.762,True
synthetic_video_0009.mp4,cry,Drama,102.01,107.74,0.7559,True
synthetic_video_0009.mp4,shopping,Lifestyle,90.41,96.36,0.8638,True
synthetic_video_0009.mp4,fun,Comedy,110.15,114.88,0.9085,True
synthetic_video_0009.mp4,travel,Travel,107.59,109.26,0.9485,True
synthetic_video_0009.mp4,singing,Entertainment,138.68,144.6,0.8581,True
synthetic_video_0009.mp4,fun,Comedy,147.74,150.42,0.9796,True
synthetic_video_0009.mp4,explosion,Action,89.6,93.1,0.6044,True
synthetic_video_0009.mp4,embrace,Drama,136.27,138.36,0.7132,True
synthetic_video_0009.mp4,audience,Entertainment,150.07,153.21,0.8146,True
synthetic_video_0009.mp4,performance,Entertainment,107.19,111.85,0.9511,True
synthetic_video_0009.mp4,candlelight,Romance,122.64,126.31,0.8255,True
synthetic_video_0010.mp4,battle,Action,0.0,2.49,0.8716,True
synthetic_video_0010.mp4,playful interaction,Comedy,2.95,5.64,0.8611,True
synthetic_video_0010.mp4,beach,Travel,8.08,10.26,0.7138,True
synthetic_video_0010.mp4,soccer,Sports,10.97,16.95,0.8769,True
synthetic_video_0010.mp4,sunset,Nature,12.89,17.22,0.9818,True
synthetic_video_0010.mp4,train,Travel,12.8,17.58,0.8025,True
synthetic_video_0010.mp4,argument,Drama,17.42,20.8,0.8675,True
synthetic_video_0010.mp4,argument,Drama,21.19,24.1,0.8004,True
synthetic_video_0010.mp4,ocean,Nature,33.87,38.55,0.8346,True
synthetic_video_0010.mp4,food,Food,34.75,37.73,0.8826,True
synthetic_video_0010.mp4,cycling,Sports,41.23,42.84,0.8072,True
synthetic_video_0010.mp4,festival,Entertainment,49.1,53.5,0.9459,True
synthetic_video_0010.mp4,fun,Comedy,51.46,56.98,0.9246,True
synthetic_video_0010.mp4,meal,Food,35.97,40.35,0.846,True
synthetic_video_0010.mp4,scenery,Travel,46.4,48.29,0.9285,True
synthetic_video_0010.mp4,performance,Entertainment,42.45,46.6,0.8907,True
synthetic_video_0010.mp4,tense moment,Drama,60.68,64.77,0.9653,True
synthetic_video_0010.mp4,tears,Drama,51.65,53.94,0.6954,True
synthetic_video_0010.mp4,wildlife,Nature,75.4,78.27,0.9284,True
synthetic_video_0010.mp4,scenery,Travel,56.76,59.93,0.8498,True
synthetic_video_0010.mp4,fashion,Lifestyle,72.47,75.19,0.9407,True
synthetic_video_0010.mp4,joke,Comedy,61.55,65.68,0.8947,True
synthetic_video_0010.mp4,destruction,Action,61.35,66.65,0.7689,True
synthetic_video_0010.mp4,singing,Entertainment,64.38,66.98,0.8617,True
synthetic_video_0010.mp4,party,Entertainment,80.5,84.43,0.9433,True
synthetic_video_0010.mp4,airport,Travel,99.32,104.76,0.9138,True
synthetic_video_0010.mp4,joke,Comedy,83.62,86.43,0.8649,True
synthetic_video_0010.mp4,beach,Travel,119.11,124.49,0.9062,True
synthetic_video_0010.mp4,chase,Action,90.08,95.76,0.9394,True
synthetic_video_0010.mp4,basketball,Sports,126.87,129.41,0.9098,True
synthetic_video_0010.mp4,destruction,Action,127.19,131.05,0.8709,True
synthetic_video_0010.mp4,meal,Food,118.77,122.16,0.8881,True
synthetic_video_0010.mp4,tears,Drama,130.24,133.19,0.8959,True
synthetic_video_0010.mp4,sports,Sports,128.05,134.04,0.7721,True
synthetic_video_0010.mp4,fight,Action,121.17,126.22,0.7988,True
synthetic_video_0010.mp4,tense moment,Drama,105.86,111.16,0.944,True
synthetic_video_0011.mp4,kitchen,Food,0.0,4.51,0.9394,True
synthetic_video_0011.mp4,singing,Entertainment,3.49,8.04,0.9516,True
synthetic_video_0011.mp4,kitchen,Food,7.26,9.41,0.9277,True
synthetic_video_0011.mp4,romance,Romance,8.36,10.51,0.9675,True
synthetic_video_0011.mp4,music,Entertainment,11.79,16.26,0.9311,True
synthetic_video_0011.mp4,smile,Comedy,22.49,26.08,0.771,True
synthetic_video_0011.mp4,smile,Comedy,18.55,21.63,0.9188,True
synthetic_video_0011.mp4,smile,Comedy,17.6,22.79,0.8067,True
synthetic_video_0011.mp4,meal,Food,29.93,32.4,0.8542,True
synthetic_video_0011.mp4,shopping,Lifestyle,25.08,30.37,0.8706,True
synthetic_video_0011.mp4,battle,Action,25.84,31.0,0.6575,True
synthetic_video_0011.mp4,soccer,Sports,28.92,30.98,0.8484,True
synthetic_video_0012.mp4,party,Entertainment,0.0,5.21,0.8578,True
synthetic_video_0012.mp4,spotlight,Entertainment,3.39,6.78,0.7329,True
synthetic_video_0012.mp4,party,Entertainment,6.83,10.46,0.9345,True
synthetic_video_0012.mp4,playful interaction,Comedy,9.32,12.51,0.862,True
synthetic_video_0012.mp4,crash,Action,16.58,19.47,0.8146,True
synthetic_video_0012.mp4,exercise,Lifestyle,18.07,23.95,0.9545,True
synthetic_video_0012.mp4,performance,Entertainment,16.95,22.32,0.6002,True
synthetic_video_0012.mp4,explosion,Action,20.33,25.22,0.8123,True
synthetic_video_0012.mp4,festival,Entertainment,35.53,40.95,0.8276,True
synthetic_video_0012.mp4,celebration,Entertainment,28.95,31.01,0.9417,True
synthetic_video_0012.mp4,running,Sports,31.2,35.57,0.8411,True
synthetic_video_0012.mp4,spotlight,Entertainment,35.27,41.16,0.9386,True
synthetic_video_0012.mp4,airport,Travel,42.74,44.68,0.6246,True
synthetic_video_0012.mp4,boxing,Sports,57.85,63.64,0.8706,True
synthetic_video_0012.mp4,food,Food,41.8,46.69,0.9566,True
synthetic_video_0012.mp4,ocean,Nature,50.61,56.31,0.8959,True
synthetic_video_0013.mp4,argument,Drama,0.0,1.95,0.8926,True
synthetic_video_0013.mp4,explosion,Action,3.18,8.42,0.6924,True
synthetic_video_0013.mp4,airport,Travel,7.51,12.98,0.5474,True
synthetic_video_0013.mp4,destruction,Action,10.78,13.13,0.9725,True
synthetic_video_0013.mp4,chase,Action,13.27,15.52,0.8954,True
synthetic_video_0013.mp4,airport,Travel,13.84,15.65,0.7983,True
synthetic_video_0013.mp4,athletics,Sports,24.07,25.62,0.9102,True
synthetic_video_0014.mp4,party,Entertainment,0.0,3.14,0.8941,True
synthetic_video_0014.mp4,concert,Entertainment,3.41,8.47,0.7252,True
synthetic_video_0014.mp4,destruction,Action,7.46,10.83,0.7828,True
synthetic_video_0014.mp4,cycling,Sports,8.02,13.53,0.8688,True
synthetic_video_0014.mp4,scenery,Travel,10.92,13.83,0.8787,True
synthetic_video_0014.mp4,argument,Drama,19.7,25.32,0.9227,True
synthetic_video_0014.mp4,airport,Travel,20.76,22.73,0.8147,True
synthetic_video_0014.mp4,smile,Comedy,24.29,26.64,0.9718,True
synthetic_video_0014.mp4,cry,Drama,22.27,23.94,0.6258,True
synthetic_video_0014.mp4,celebration,Entertainment,23.98,28.86,0.5928,True
synthetic_video_0014.mp4,ocean,Nature,31.37,35.45,0.957,True
synthetic_video_0014.mp4,performance,Entertainment,39.05,44.54,0.9736,True
synthetic_video_0014.mp4,city,Travel,30.93,33.45,0.9294,True
synthetic_video_0014.mp4,crash,Action,32.8,36.53,0.8989,True
synthetic_video_0014.mp4,joke,Comedy,61.4,65.11,0.9577,True
synthetic_video_0014.mp4,dance,Entertainment,45.06,46.79,0.8689,True
synthetic_video_0014.mp4,forest,Nature,43.04,46.84,0.6941,True
synthetic_video_0014.mp4,romance,Romance,43.52,46.51,0.5843,True
synthetic_video_0014.mp4,snow,Nature,71.05,75.46,0.6754,True
synthetic_video_0014.mp4,emotional reaction,Drama,52.92,56.13,0.8237,True
synthetic_video_0014.mp4,wildlife,Nature,54.38,58.18,0.8897,True
synthetic_video_0014.mp4,smile,Comedy,72.61,78.01,0.6753,True
synthetic_video_0015.mp4,cry,Drama,0.0,3.63,0.6959,True
synthetic_video_0015.mp4,water,Nature,2.68,4.89,0.8063,True
synthetic_video_0015.mp4,love,Romance,6.59,11.92,0.536,True
synthetic_video_0015.mp4,party,Entertainment,8.14,11.61,0.4939,True
synthetic_video_0015.mp4,singing,Entertainment,17.88,21.75,0.9222,True
synthetic_video_0015.mp4,sky,Nature,15.01,18.06,0.8617,True
synthetic_video_0015.mp4,celebration,Entertainment,18.93,21.38,0.7705,True
synthetic_video_0015.mp4,sunset,Nature,25.13,28.71,0.996,True
synthetic_video_0015.mp4,water,Nature,24.5,27.99,0.7201,True
synthetic_video_0015.mp4,joke,Comedy,39.31,44.67,0.8401,True
synthetic_video_0015.mp4,music,Entertainment,41.89,45.75,0.8248,True
synthetic_video_0015.mp4,fun,Comedy,28.63,32.77,0.9267,True
synthetic_video_0015.mp4,stage,Entertainment,53.73,58.38,0.9408,True
synthetic_video_0015.mp4,weapon,Action,43.42,48.23,0.95,True
synthetic_video_0015.mp4,audience,Entertainment,50.13,52.47,0.9822,True
synthetic_video_0015.mp4,boxing,Sports,64.32,68.71,0.7794,True
synthetic_video_0015.mp4,airport,Travel,44.47,46.88,0.897,True
synthetic_video_0015.mp4,dance,Entertainment,55.47,61.3,0.929,True
synthetic_video_0015.mp4,snow,Nature,50.85,56.52,0.9338,True
synthetic_video_0015.mp4,performance,Entertainment,48.8,52.51,0.8081,True
synthetic_video_0015.mp4,tears,Drama,52.72,58.64,0.6013,True
synthetic_video_0015.mp4,boxing,Sports,85.77,89.46,0.683,True
synthetic_video_0015.mp4,forest,Nature,78.45,80.16,0.8446,True
synthetic_video_0015.mp4,couple,Romance,61.52,63.64,0.5674,True
synthetic_video_0015.mp4,weapon,Action,72.86,77.7,0.959,True
synthetic_video_0015.mp4,couple,Romance,93.3,96.62,0.9639,True
synthetic_video_0016.mp4,music,Entertainment,0.0,1.63,0.7859,True
synthetic_video_0016.mp4,audience,Entertainment,2.86,8.21,0.8632,True
synthetic_video_0016.mp4,athletics,Sports,5.48,11.01,0.9914,True
synthetic_video_0016.mp4,concert,Entertainment,13.03,18.74,0.9334,True
synthetic_video_0016.mp4,spotlight,Entertainment,10.39,12.37,0.9158,True
synthetic_video_0016.mp4,couple,Romance,15.51,17.28,0.7844,True
synthetic_video_0016.mp4,ocean,Nature,26.44,30.2,0.9717,True
synthetic_video_0016.mp4,airport,Travel,21.76,25.2,0.8737,True
synthetic_video_0016.mp4,fight,Sports,34.14,39.11,0.9285,True
synthetic_video_0016.mp4,embrace,Drama,30.4,34.28,0.7134,True
synthetic_video_0016.mp4,audience,Entertainment,33.31,35.4,0.8694,True
synthetic_video_0016.mp4,basketball,Sports,44.43,46.56,0.5043,True
synthetic_video_0016.mp4,conversation,Drama,34.84,36.94,0.7587,True
synthetic_video_0016.mp4,concert,Entertainment,51.22,56.62,0.8832,True
synthetic_video_0016.mp4,audience,Entertainment,43.52,45.91,0.7088,True
synthetic_video_0016.mp4,couple,Romance,61.83,66.75,0.9558,True
synthetic_video_0016.mp4,argument,Drama,50.45,54.3,0.7197,True
synthetic_video_0016.mp4,celebration,Entertainment,55.86,59.82,0.7646,True
synthetic_video_0016.mp4,vehicle,Action,51.05,56.25,0.8918,True
synthetic_video_0016.mp4,vehicle,Action,84.26,89.16,0.9397,True
synthetic_video_0017.mp4,stage,Entertainment,0.0,3.52,0.9883,True
synthetic_video_0017.mp4,concert,Entertainment,3.46,6.19,0.782,True
synthetic_video_0017.mp4,playful interaction,Comedy,6.91,12.35,0.9234,True
synthetic_video_0017.mp4,basketball,Sports,10.19,13.52,0.9225,True
synthetic_video_0017.mp4,kiss,Romance,13.59,19.08,0.942,True
synthetic_video_0017.mp4,concert,Entertainment,15.64,17.15,0.5891,True
synthetic_video_0017.mp4,romance,Romance,19.27,22.31,0.984,True
synthetic_video_0017.mp4,city,Travel,17.59,21.72,0.9797,True
synthetic_video_0017.mp4,tears,Drama,28.36,31.46,0.9559,True
synthetic_video_0017.mp4,competition,Sports,37.54,40.22,0.6081,True
synthetic_video_0017.mp4,tense moment,Drama,34.0,38.04,0.9185,True
synthetic_video_0017.mp4,city,Travel,45.49,49.36,0.8369,True
synthetic_video_0017.mp4,embrace,Drama,53.38,57.32,0.9734,True
synthetic_video_0017.mp4,joke,Comedy,55.29,58.72,0.917,True
synthetic_video_0017.mp4,love,Romance,55.87,58.53,0.5856,True
synthetic_video_0017.mp4,tense moment,Drama,38.04,43.67,0.8017,True
synthetic_video_0017.mp4,concert,Entertainment,41.56,44.95,0.9247,True
synthetic_video_0017.mp4,laugh,Comedy,54.9,60.01,0.852,True
synthetic_video_0017.mp4,kiss,Romance,69.34,71.67,0.8925,True
synthetic_video_0017.mp4,food,Food,70.11,72.12,0.9537,True
synthetic_video_0017.mp4,dance,Entertainment,78.57,84.04,0.8464,True
synthetic_video_0018.mp4,stage,Entertainment,0.0,3.42,0.8811,True
synthetic_video_0018.mp4,fight,Action,4.11,10.03,0.8801,True
synthetic_video_0018.mp4,athletics,Sports,6.22,11.22,0.8593,True
synthetic_video_0018.mp4,kiss,Romance,8.59,13.31,0.9639,True
synthetic_video_0018.mp4,train,Travel,15.98,20.16,0.9127,True
synthetic_video_0018.mp4,competition,Sports,14.9,18.17,0.9467,True
synthetic_video_0018.mp4,fight,Sports,21.84,25.53,0.822,True
synthetic_video_0018.mp4,emotional reaction,Drama,27.65,32.3,0.8132,True
synthetic_video_0018.mp4,wildlife,Nature,32.0,37.03,0.8699,True
synthetic_video_0018.mp4,snow,Nature,25.09,28.38,0.9092,True
synthetic_video_0018.mp4,ocean,Nature,37.81,40.41,0.6385,True
synthetic_video_0018.mp4,airport,Travel,44.27,47.16,0.7822,True
synthetic_video_0018.mp4,spotlight,Entertainment,52.69,55.22,0.69,True
synthetic_video_0018.mp4,celebration,Entertainment,52.81,57.11,0.9463,True
synthetic_video_0018.mp4,smile,Comedy,48.87,52.88,0.9338,True
synthetic_video_0018.mp4,joke,Comedy,65.38,71.16,0.8703,True
synthetic_video_0018.mp4,competition,Sports,59.2,61.52,0.6964,True
synthetic_video_0018.mp4,swimming,Sports,42.76,46.86,0.7745,True
synthetic_video_0018.mp4,dance,Entertainment,50.59,52.13,0.957,True
synthetic_video_0019.mp4,conversation,Drama,0.0,3.05,0.7965,True
synthetic_video_0019.mp4,rain,Nature,3.59,8.6,0.9218,True
synthetic_video_0019.mp4,airport,Travel,8.67,12.35,0.6038,True
synthetic_video_0019.mp4,kiss,Romance,8.16,11.49,0.8877,True
synthetic_video_0019.mp4,stage,Entertainment,10.02,14.7,0.7845,True
synthetic_video_0019.mp4,destruction,Action,14.56,16.32,0.9227,True
synthetic_video_0019.mp4,couple,Romance,23.03,27.32,0.6192,True
synthetic_video_0019.mp4,ocean,Nature,17.72,22.8,0.926,True
synthetic_video_0019.mp4,couple,Romance,36.0,39.78,0.63,True
synthetic_video_0019.mp4,couple,Romance,31.02,32.73,0.9585,True
synthetic_video_0019.mp4,candlelight,Romance,44.78,48.65,0.8426,True
synthetic_video_0019.mp4,festival,Entertainment,31.44,37.42,0.9341,True
synthetic_video_0019.mp4,chase,Action,44.41,49.33,0.96,True
synthetic_video_0019.mp4,airport,Travel,50.4,55.21,0.8183,True
synthetic_video_0019.mp4,smile,Comedy,56.12,60.85,0.9184,True
synthetic_video_0019.mp4,scenery,Travel,47.7,49.36,0.9177,True
synthetic_video_0019.mp4,stunt,Action,43.22,47.19,0.7039,True
synthetic_video_0019.mp4,singing,Entertainment,57.67,63.6,0.9888,True
synthetic_video_0019.mp4,joke,Comedy,57.33,62.63,0.9356,True
synthetic_video_0019.mp4,city,Travel,71.62,77.16,0.9211,True
synthetic_video_0019.mp4,wildlife,Nature,74.73,76.45,0.8942,True
synthetic_video_0019.mp4,explosion,Action,61.13,66.46,0.9916,True
synthetic_video_0019.mp4,boxing,Sports,83.81,87.77,0.881,True
synthetic_video_0019.mp4,kitchen,Food,96.98,102.44,0.9525,True
synthetic_video_0019.mp4,sunset,Nature,97.05,101.86,0.7711,True
synthetic_video_0019.mp4,competition,Sports,71.92,77.07,0.8509,True
synthetic_video_0020.mp4,conversation,Drama,0.0,4.82,0.7243,True
synthetic_video_0020.mp4,love,Romance,3.68,9.35,0.7625,True
synthetic_video_0020.mp4,spotlight,Entertainment,7.52,10.15,0.9153,True
synthetic_video_0020.mp4,concert,Entertainment,8.71,10.88,0.8189,True
synthetic_video_0020.mp4,audience,Entertainment,10.08,13.87,0.8609,True
synthetic_video_0020.mp4,beach,Travel,12.55,17.18,0.6191,True
synthetic_video_0020.mp4,basketball,Sports,21.61,24.64,0.3478,True
synthetic_video_0020.mp4,water,Nature,29.05,34.85,0.7264,True
synthetic_video_0020.mp4,beach,Travel,24.89,30.13,0.867,True
synthetic_video_0020.mp4,running,Sports,22.66,25.29,0.887,True
synthetic_video_0020.mp4,party,Entertainment,28.66,32.67,0.876,True
synthetic_video_0020.mp4,conversation,Drama,44.38,45.99,0.8855,True
synthetic_video_0020.mp4,cycling,Sports,37.88,43.13,0.6864,True
synthetic_video_0020.mp4,soccer,Sports,32.78,35.83,0.8,True
synthetic_video_0020.mp4,train,Travel,50.23,55.83,0.8495,True
synthetic_video_0020.mp4,singing,Entertainment,63.22,64.8,0.7273,True
synthetic_video_0020.mp4,basketball,Sports,56.87,60.15,0.3677,True
synthetic_video_0020.mp4,kiss,Romance,72.71,76.89,0.637,True
synthetic_video_0020.mp4,airport,Travel,47.77,50.86,0.7778,True
synthetic_video_0020.mp4,argument,Drama,85.12,87.13,0.9495,True
synthetic_video_0020.mp4,crash,Action,81.7,84.78,0.8279,True
synthetic_video_0020.mp4,athletics,Sports,86.45,88.66,0.7539,True
synthetic_video_0020.mp4,wildlife,Nature,93.88,95.61,0.7974,True
synthetic_video_0021.mp4,couple,Romance,0.0,2.81,0.9099,True
synthetic_video_0021.mp4,swimming,Sports,3.32,5.38,0.7179,True
synthetic_video_0021.mp4,conversation,Drama,7.58,13.19,0.91,True
synthetic_video_0021.mp4,fight,Sports,7.81,11.1,0.5999,True
synthetic_video_0021.mp4,sunset,Nature,12.16,14.59,0.6722,True
synthetic_video_0021.mp4,stunt,Action,14.58,20.48,0.7971,True
synthetic_video_0021.mp4,sunset,Nature,16.84,19.26,0.8851,True
synthetic_video_0021.mp4,train,Travel,24.37,26.84,0.773,True
synthetic_video_0021.mp4,fun,Comedy,29.26,33.87,0.909,True
synthetic_video_0021.mp4,fun,Comedy,24.41,27.29,0.9302,True
synthetic_video_0021.mp4,boxing,Sports,34.44,36.67,0.996,True
synthetic_video_0021.mp4,kitchen,Food,46.43,50.53,0.6353,True
synthetic_video_0021.mp4,swimming,Sports,47.37,50.79,0.8938,True
synthetic_video_0021.mp4,running,Sports,33.84,37.95,0.6966,True
synthetic_video_0021.mp4,festival,Entertainment,39.4,43.62,0.8104,True
synthetic_video_0022.mp4,cycling,Sports,0.0,3.35,0.6936,True
synthetic_video_0022.mp4,embrace,Drama,3.52,5.43,0.7998,True
synthetic_video_0022.mp4,snow,Nature,7.95,10.09,0.7783,True
synthetic_video_0022.mp4,travel,Travel,10.55,16.52,0.9636,True
synthetic_video_0022.mp4,boxing,Sports,11.31,12.96,0.866,True
synthetic_video_0022.mp4,competition,Sports,15.95,19.41,0.9645,True
synthetic_video_0022.mp4,competition,Sports,21.92,27.77,0.9105,True
synthetic_video_0022.mp4,festival,Entertainment,20.47,25.54,0.972,True
synthetic_video_0022.mp4,sports,Sports,31.14,36.0,0.8968,True
synthetic_video_0022.mp4,playful interaction,Comedy,40.33,43.21,0.9659,True
synthetic_video_0022.mp4,airport,Travel,44.16,46.47,0.8181,True
synthetic_video_0022.mp4,argument,Drama,49.14,53.31,0.8647,True
synthetic_video_0022.mp4,audience,Entertainment,47.14,49.56,0.9637,True
synthetic_video_0022.mp4,stage,Entertainment,56.0,60.23,0.894,True
synthetic_video_0022.mp4,emotional reaction,Drama,51.19,55.46,0.6284,True
synthetic_video_0022.mp4,rain,Nature,55.6,59.51,0.7883,True
synthetic_video_0022.mp4,fight,Action,60.61,64.47,0.8103,True
synthetic_video_0022.mp4,swimming,Sports,68.17,74.08,0.9447,True
synthetic_video_0022.mp4,shopping,Lifestyle,68.1,72.69,0.9899,True
synthetic_video_0022.mp4,concert,Entertainment,84.47,88.47,0.7232,True
synthetic_video_0022.mp4,city,Travel,50.59,52.98,0.7698,True
synthetic_video_0022.mp4,couple,Romance,92.23,95.83,0.63,True
synthetic_video_0022.mp4,conversation,Drama,71.71,75.47,0.8994,True
synthetic_video_0022.mp4,argument,Drama,60.23,64.61,0.8931,True
synthetic_video_0022.mp4,train,Travel,95.96,100.73,0.9137,True
synthetic_video_0022.mp4,laugh,Comedy,77.31,81.95,0.984,True
synthetic_video_0022.mp4,beach,Travel,113.76,119.23,0.6465,True
synthetic_video_0022.mp4,basketball,Sports,120.05,125.15,0.9347,True
synthetic_video_0023.mp4,performance,Entertainment,0.0,5.56,0.7339,True
synthetic_video_0023.mp4,weapon,Action,3.17,5.67,0.9771,True
synthetic_video_0023.mp4,water,Nature,5.67,10.26,0.9171,True
synthetic_video_0023.mp4,celebration,Entertainment,9.52,15.51,0.9313,True
synthetic_video_0023.mp4,playful interaction,Comedy,15.59,18.39,0.9032,True
synthetic_video_0023.mp4,playful interaction,Comedy,20.56,24.99,0.7673,True
synthetic_video_0023.mp4,romance,Romance,17.43,19.68,0.7909,True
synthetic_video_0023.mp4,couple,Romance,17.93,19.45,0.9391,True
synthetic_video_0023.mp4,playful interaction,Comedy,31.09,36.26,0.9489,True
synthetic_video_0023.mp4,audience,Entertainment,29.31,32.74,0.6587,True
synthetic_video_0023.mp4,party,Entertainment,36.74,40.2,0.7994,True
synthetic_video_0023.mp4,cooking,Food,35.86,41.26,0.8993,True
synthetic_video_0023.mp4,audience,Entertainment,37.95,40.24,0.8186,True
synthetic_video_0023.mp4,vehicle,Action,49.65,53.72,0.9428,True
synthetic_video_0023.mp4,explosion,Action,53.55,57.78,0.6629,True
synthetic_video_0023.mp4,conversation,Drama,53.56,56.09,0.8283,True
synthetic_video_0023.mp4,joke,Comedy,44.88,49.86,0.9742,True
synthetic_video_0023.mp4,wildlife,Nature,65.04,67.15,0.778,True
synthetic_video_0023.mp4,athletics,Sports,56.91,58.96,0.7786,True
synthetic_video_0023.mp4,music,Entertainment,68.08,72.85,0.9293,True
synthetic_video_0023.mp4,conversation,Drama,70.36,72.56,0.8279,True
synthetic_video_0023.mp4,smile,Comedy,91.0,95.41,0.7991,True
synthetic_video_0023.mp4,spotlight,Entertainment,71.34,74.81,0.8656,True
synthetic_video_0023.mp4,battle,Action,59.06,64.87,0.5525,True
synthetic_video_0023.mp4,shopping,Lifestyle,97.76,99.55,0.8145,True
synthetic_video_0023.mp4,joke,Comedy,84.17,88.91,0.8773,True
synthetic_video_0023.mp4,explosion,Action,66.32,71.93,0.8519,True
synthetic_video_0023.mp4,party,Entertainment,68.3,73.92,0.943,True
synthetic_video_0023.mp4,snow,Nature,111.66,114.17,0.8244,True
synthetic_video_0023.mp4,candlelight,Romance,86.29,90.76,0.7734,True
synthetic_video_0023.mp4,couple,Romance,85.73,91.65,0.877,True
synthetic_video_0024.mp4,wildlife,Nature,0.0,2.01,0.8225,True
synthetic_video_0024.mp4,candlelight,Romance,3.1,5.46,0.6222,True
synthetic_video_0024.mp4,concert,Entertainment,7.73,13.28,0.9707,True
synthetic_video_0024.mp4,joke,Comedy,10.25,12.75,0.7576,True
synthetic_video_0024.mp4,city,Travel,11.54,16.69,0.9857,True
synthetic_video_0024.mp4,soccer,Sports,18.54,23.43,0.8584,True
synthetic_video_0024.mp4,boxing,Sports,17.89,23.62,0.6581,True
synthetic_video_0024.mp4,coffee,Lifestyle,20.79,22.37,0.5822,True
synthetic_video_0024.mp4,fun,Comedy,29.77,32.46,0.9549,True
synthetic_video_0024.mp4,candlelight,Romance,29.57,33.61,0.7664,True
synthetic_video_0024.mp4,emotional reaction,Drama,34.28,36.42,0.7477,True
synthetic_video_0024.mp4,dance,Entertainment,43.59,47.98,0.8991,True
synthetic_video_0024.mp4,party,Entertainment,45.1,49.69,0.9132,True
synthetic_video_0024.mp4,fight,Sports,47.18,49.22,0.953,True
synthetic_video_0024.mp4,vehicle,Action,53.63,56.01,0.7747,True
synthetic_video_0025.mp4,food,Food,0.0,3.55,0.8846,True
synthetic_video_0025.mp4,battle,Action,3.69,9.25,0.6867,True
synthetic_video_0025.mp4,laugh,Comedy,8.57,12.73,0.85,True
synthetic_video_0025.mp4,concert,Entertainment,12.91,15.28,0.9448,True
synthetic_video_0025.mp4,vehicle,Action,17.37,20.23,0.8083,True
synthetic_video_0025.mp4,running,Sports,18.85,20.57,0.6612,True
synthetic_video_0025.mp4,playful interaction,Comedy,24.03,27.42,0.562,True
synthetic_video_0025.mp4,couple,Romance,21.83,25.8,0.6561,True
synthetic_video_0025.mp4,tears,Drama,23.44,24.98,0.8369,True
synthetic_video_0025.mp4,soccer,Sports,34.35,37.16,0.9009,True
synthetic_video_0025.mp4,nature,Nature,41.69,44.82,0.7914,True
synthetic_video_0026.mp4,city,Travel,0.0,4.15,0.9054,True
synthetic_video_0026.mp4,nature,Nature,2.68,7.03,0.9296,True
synthetic_video_0026.mp4,snow,Nature,7.9,11.97,0.8093,True
synthetic_video_0026.mp4,yoga,Lifestyle,12.47,17.71,0.9598,True
synthetic_video_0026.mp4,mountain,Nature,12.09,16.8,0.8846,True
synthetic_video_0026.mp4,love,Romance,20.05,25.1,0.8456,True
synthetic_video_0026.mp4,festival,Entertainment,20.13,25.42,0.7348,True
synthetic_video_0026.mp4,joke,Comedy,24.53,27.63,0.8646,True
synthetic_video_0026.mp4,swimming,Sports,30.0,32.2,0.8302,True
synthetic_video_0026.mp4,dance,Entertainment,26.88,32.41,0.8688,True
synthetic_video_0026.mp4,train,Travel,38.18,40.21,0.885,True
synthetic_video_0026.mp4,fun,Comedy,42.77,47.72,0.5,True
synthetic_video_0026.mp4,tears,Drama,33.94,38.91,0.7927,True
synthetic_video_0026.mp4,swimming,Sports,34.44,40.2,0.9019,True
synthetic_video_0026.mp4,kiss,Romance,54.65,58.11,0.8249,True
synthetic_video_0026.mp4,basketball,Sports,66.76,68.42,0.8892,True
synthetic_video_0026.mp4,spotlight,Entertainment,46.96,49.55,0.8185,True
synthetic_video_0026.mp4,vehicle,Action,61.86,67.13,0.7955,True
synthetic_video_0026.mp4,cooking,Food,68.0,73.55,0.9197,True
synthetic_video_0026.mp4,singing,Entertainment,71.52,74.33,0.7706,True
synthetic_video_0026.mp4,cry,Drama,76.6,79.25,0.8815,True
synthetic_video_0026.mp4,playful interaction,Comedy,81.78,87.62,0.8068,True
synthetic_video_0026.mp4,competition,Sports,69.25,75.12,0.8504,True
synthetic_video_0026.mp4,festival,Entertainment,59.67,64.43,0.7248,True
synthetic_video_0026.mp4,celebration,Entertainment,93.68,97.19,0.9,True
synthetic_video_0026.mp4,yoga,Lifestyle,63.63,69.57,0.6463,True
synthetic_video_0027.mp4,explosion,Action,0.0,2.59,0.6524,True
synthetic_video_0027.mp4,stunt,Action,3.28,6.55,0.7279,True
synthetic_video_0027.mp4,embrace,Drama,5.04,8.1,0.844,True
synthetic_video_0027.mp4,battle,Action,12.94,17.56,0.5512,True
synthetic_video_0027.mp4,party,Entertainment,17.22,22.67,0.8493,True
synthetic_video_0027.mp4,party,Entertainment,13.14,17.33,0.7607,True
synthetic_video_0027.mp4,sky,Nature,26.39,30.11,0.8149,True
synthetic_video_0027.mp4,competition,Sports,23.17,25.98,0.877,True
synthetic_video_0027.mp4,shopping,Lifestyle,21.28,27.24,0.9955,True
synthetic_video_0027.mp4,train,Travel,31.68,34.23,0.7958,True
synthetic_video_0027.mp4,restaurant,Food,35.48,38.43,0.8298,True
synthetic_video_0027.mp4,running,Sports,49.25,53.24,0.8934,True
synthetic_video_0027.mp4,scenery,Travel,40.91,46.09,0.8227,True
synthetic_video_0027.mp4,tears,Drama,52.23,58.05,0.398,True
synthetic_video_0027.mp4,performance,Entertainment,35.91,40.11,0.7422,True
synthetic_video_0027.mp4,train,Travel,39.35,43.18,0.8464,True
synthetic_video_0027.mp4,beach,Travel,49.64,54.41,0.9669,True
synthetic_video_0027.mp4,battle,Action,71.1,77.05,0.662,True
synthetic_video_0027.mp4,stage,Entertainment,53.06,57.19,0.7804,True
synthetic_video_0027.mp4,festival,Entertainment,66.23,71.03,0.6577,True
synthetic_video_0027.mp4,kitchen,Food,50.6,54.59,0.7152,True
synthetic_video_0027.mp4,meal,Food,77.46,82.01,0.9055,True
synthetic_video_0027.mp4,stunt,Action,72.58,77.68,0.6964,True
synthetic_video_0027.mp4,meal,Food,63.02,68.68,0.9476,True
synthetic_video_0027.mp4,meal,Food,97.58,99.53,0.9536,True
synthetic_video_0027.mp4,stage,Entertainment,74.34,76.51,0.8553,True
synthetic_video_0027.mp4,conversation,Drama,73.14,75.28,0.4611,True
synthetic_video_0027.mp4,music,Entertainment,80.58,86.4,0.959,True
synthetic_video_0028.mp4,travel,Travel,0.0,2.08,0.9475,True
synthetic_video_0028.mp4,weapon,Action,3.77,5.43,0.8546,True
synthetic_video_0028.mp4,singing,Entertainment,6.2,9.78,0.9307,True
synthetic_video_0028.mp4,dance,Entertainment,11.21,13.95,0.919,True
synthetic_video_0028.mp4,singing,Entertainment,11.74,13.45,0.7684,True
synthetic_video_0028.mp4,conversation,Drama,12.72,17.98,0.7729,True
synthetic_video_0028.mp4,embrace,Drama,21.94,26.56,0.987,True
synthetic_video_0028.mp4,destruction,Action,31.05,32.66,0.8832,True
synthetic_video_0028.mp4,cycling,Sports,21.54,24.87,0.7231,True
synthetic_video_0028.mp4,wildlife,Nature,38.78,41.49,0.7803,True
synthetic_video_0028.mp4,running,Sports,34.8,38.18,0.9558,True
synthetic_video_0028.mp4,festival,Entertainment,38.83,40.68,0.9411,True
synthetic_video_0028.mp4,festival,Entertainment,34.73,40.13,0.8886,True
synthetic_video_0028.mp4,couple,Romance,45.4,50.83,0.7372,True
synthetic_video_0028.mp4,conversation,Drama,54.72,57.52,0.9045,True
synthetic_video_0028.mp4,wildlife,Nature,66.48,68.56,0.8296,True
synthetic_video_0028.mp4,party,Entertainment,43.88,45.97,0.8944,True
synthetic_video_0028.mp4,exercise,Lifestyle,42.81,47.55,0.9336,True
synthetic_video_0028.mp4,concert,Entertainment,45.86,48.61,0.711,True
synthetic_video_0028.mp4,emotional reaction,Drama,81.57,83.3,0.9802,True
synthetic_video_0028.mp4,swimming,Sports,84.88,88.39,0.955,True
synthetic_video_0028.mp4,singing,Entertainment,79.35,83.6,0.9835,True
synthetic_video_0029.mp4,stunt,Action,0.0,3.53,0.9767,True
synthetic_video_0029.mp4,swimming,Sports,2.66,5.45,0.9933,True
synthetic_video_0029.mp4,laugh,Comedy,8.57,14.38,0.9676,True
synthetic_video_0029.mp4,stunt,Action,8.31,10.04,0.9229,True
synthetic_video_0029.mp4,kitchen,Food,15.43,17.7,0.9635,True
synthetic_video_0029.mp4,restaurant,Food,17.33,22.94,0.8009,True
synthetic_video_0029.mp4,couple,Romance,24.52,28.96,0.9433,True
synthetic_video_0029.mp4,conversation,Drama,26.65,29.15,0.9511,True
synthetic_video_0029.mp4,soccer,Sports,21.47,25.24,0.8798,True
synthetic_video_0029.mp4,playful interaction,Comedy,37.39,39.39,0.8678,True
synthetic_video_0029.mp4,singing,Entertainment,36.13,39.76,0.7319,True
synthetic_video_0029.mp4,basketball,Sports,30.69,36.58,0.8315,True
synthetic_video_0029.mp4,forest,Nature,52.75,57.2,0.7158,True
synthetic_video_0029.mp4,boxing,Sports,50.59,55.4,0.9764,True
synthetic_video_0029.mp4,playful interaction,Comedy,41.31,46.78,0.8839,True
synthetic_video_0029.mp4,basketball,Sports,51.13,55.38,0.6841,True
synthetic_video_0029.mp4,audience,Entertainment,51.72,57.66,0.5492,True
synthetic_video_0029.mp4,wildlife,Nature,65.03,69.73,0.5293,True
synthetic_video_0029.mp4,cycling,Sports,66.03,67.65,0.7885,True
synthetic_video_0030.mp4,conversation,Drama,0.0,2.19,0.8808,True
synthetic_video_0030.mp4,coffee,Lifestyle,4.1,7.51,0.7021,True
synthetic_video_0030.mp4,running,Sports,8.5,12.37,0.9467,True
synthetic_video_0030.mp4,cry,Drama,12.35,15.76,0.7748,True
synthetic_video_0030.mp4,mountain,Nature,11.13,13.31,0.966,True
synthetic_video_0030.mp4,playful interaction,Comedy,20.38,23.18,0.8784,True
synthetic_video_0030.mp4,dance,Entertainment,20.15,24.38,0.8487,True
synthetic_video_0030.mp4,food,Food,18.24,23.79,0.9389,True
synthetic_video_0030.mp4,tense moment,Drama,25.39,26.98,0.8929,True
synthetic_video_0030.mp4,scenery,Travel,37.07,39.82,0.8751,True
synthetic_video_0030.mp4,emotional reaction,Drama,37.75,43.71,0.8199,True
synthetic_video_0030.mp4,fashion,Lifestyle,42.89,45.05,0.7568,True
synthetic_video_0030.mp4,cooking,Food,31.27,35.06,0.6666,True
synthetic_video_0030.mp4,snow,Nature,57.71,63.62,0.811,True
synthetic_video_0030.mp4,soccer,Sports,60.7,66.47,0.9868,True
synthetic_video_0030.mp4,singing,Entertainment,43.87,47.33,0.8751,True
synthetic_video_0030.mp4,performance,Entertainment,61.87,63.67,0.8488,True
synthetic_video_0030.mp4,competition,Sports,60.19,64.15,0.9055,True
synthetic_video_0030.mp4,competition,Sports,50.55,52.98,0.4457,True
synthetic_video_0030.mp4,concert,Entertainment,63.74,66.14,0.846,True
synthetic_video_0031.mp4,couple,Romance,0.0,4.11,0.7986,True
synthetic_video_0031.mp4,tense moment,Drama,2.63,7.57,0.9237,True
synthetic_video_0031.mp4,meal,Food,8.37,10.02,0.9737,True
synthetic_video_0031.mp4,competition,Sports,8.93,12.44,0.4713,True
synthetic_video_0031.mp4,celebration,Entertainment,15.71,21.09,0.5932,True
synthetic_video_0031.mp4,emotional reaction,Drama,13.37,18.3,0.7358,True
synthetic_video_0031.mp4,travel,Travel,17.75,22.19,0.9637,True
synthetic_video_0031.mp4,scenery,Travel,22.83,28.4,0.8322,True
synthetic_video_0031.mp4,battle,Action,20.09,25.09,0.8985,True
synthetic_video_0031.mp4,city,Travel,37.88,39.94,0.888,True
synthetic_video_0031.mp4,playful interaction,Comedy,41.37,47.19,0.7381,True
synthetic_video_0031.mp4,fun,Comedy,38.55,44.48,0.8085,True
synthetic_video_0031.mp4,dance,Entertainment,47.65,52.61,0.8431,True
synthetic_video_0031.mp4,city,Travel,37.38,39.42,0.7814,True
synthetic_video_0031.mp4,meal,Food,40.65,43.26,0.9269,True
synthetic_video_0031.mp4,argument,Drama,45.5,50.57,0.8097,True
synthetic_video_0032.mp4,explosion,Action,0.0,2.9,0.652,True
synthetic_video_0032.mp4,running,Sports,4.07,7.39,0.956,True
synthetic_video_0032.mp4,music,Entertainment,6.3,12.11,0.8158,True
synthetic_video_0032.mp4,nature,Nature,12.3,14.75,0.9052,True
synthetic_video_0032.mp4,singing,Entertainment,12.08,15.12,0.8538,True
synthetic_video_0032.mp4,celebration,Entertainment,15.9,21.77,0.7016,True
synthetic_video_0032.mp4,performance,Entertainment,16.51,18.54,0.6591,True
synthetic_video_0032.mp4,smile,Comedy,20.94,25.1,0.9273,True
synthetic_video_0032.mp4,running,Sports,24.09,28.84,0.9432,True
synthetic_video_0032.mp4,candlelight,Romance,28.19,30.92,0.9677,True
synthetic_video_0032.mp4,concert,Entertainment,32.44,35.87,0.6914,True
synthetic_video_0032.mp4,soccer,Sports,30.94,34.45,0.3755,True
synthetic_video_0032.mp4,explosion,Action,47.52,49.31,0.8121,True
synthetic_video_0032.mp4,restaurant,Food,49.7,53.35,0.3993,True
synthetic_video_0032.mp4,boxing,Sports,56.32,62.11,0.9153,True
synthetic_video_0032.mp4,argument,Drama,52.48,56.37,0.9659,True
synthetic_video_0032.mp4,couple,Romance,48.19,50.22,0.7711,True
synthetic_video_0032.mp4,dance,Entertainment,49.86,55.04,0.7293,True
synthetic_video_0032.mp4,cycling,Sports,59.94,63.68,0.8116,True
synthetic_video_0032.mp4,restaurant,Food,72.9,77.87,0.9652,True
synthetic_video_0033.mp4,smile,Comedy,0.0,3.79,0.9713,True
synthetic_video_0033.mp4,music,Entertainment,3.57,8.91,0.8724,True
synthetic_video_0033.mp4,restaurant,Food,6.88,8.9,0.8629,True
synthetic_video_0033.mp4,cooking,Food,13.0,17.74,0.9177,True
synthetic_video_0033.mp4,stage,Entertainment,11.02,15.69,0.7859,True
synthetic_video_0033.mp4,party,Entertainment,14.66,17.25,0.7469,True
synthetic_video_0033.mp4,stunt,Action,21.3,23.06,0.9265,True
synthetic_video_0033.mp4,food,Food,19.57,25.4,0.9595,True
synthetic_video_0033.mp4,performance,Entertainment,21.16,23.93,0.8835,True
synthetic_video_0033.mp4,smile,Comedy,37.03,40.95,0.877,True
synthetic_video_0033.mp4,singing,Entertainment,43.78,47.65,0.9028,True
synthetic_video_0033.mp4,fashion,Lifestyle,30.22,35.77,0.9569,True
synthetic_video_0033.mp4,emotional reaction,Drama,37.86,43.29,0.9706,True
synthetic_video_0033.mp4,competition,Sports,57.52,60.12,0.9371,True
synthetic_video_0033.mp4,boxing,Sports,52.02,57.32,0.6487,True
synthetic_video_0033.mp4,stage,Entertainment,50.66,53.81,0.773,True
synthetic_video_0033.mp4,joke,Comedy,68.64,71.64,0.6582,True
synthetic_video_0033.mp4,sports,Sports,64.32,69.35,0.8185,True
synthetic_video_0033.mp4,cooking,Food,69.67,73.1,0.866,True
synthetic_video_0033.mp4,running,Sports,79.62,81.81,0.9511,True
synthetic_video_0033.mp4,romance,Romance,61.08,63.82,0.6028,True
synthetic_video_0033.mp4,wildlife,Nature,83.21,86.11,0.7472,True
synthetic_video_0033.mp4,mountain,Nature,59.92,63.46,0.9782,True
synthetic_video_0033.mp4,kiss,Romance,72.72,75.04,0.8185,True
synthetic_video_0034.mp4,kitchen,Food,0.0,5.38,0.8394,True
synthetic_video_0034.mp4,kitchen,Food,2.73,7.76,0.8548,True
synthetic_video_0034.mp4,ocean,Nature,8.28,10.63,0.745,True
synthetic_video_0034.mp4,exercise,Lifestyle,8.38,11.35,0.9152,True
synthetic_video_0034.mp4,rain,Nature,10.88,16.49,0.8587,True
synthetic_video_0034.mp4,music,Entertainment,16.07,21.0,0.9969,True
synthetic_video_0034.mp4,fight,Sports,23.61,26.73,0.8909,True
synthetic_video_0034.mp4,stunt,Action,18.76,24.23,0.9619,True
synthetic_video_0034.mp4,embrace,Drama,32.03,36.87,0.8977,True
synthetic_video_0034.mp4,chase,Action,24.84,30.0,0.7827,True
synthetic_video_0034.mp4,boxing,Sports,27.09,32.85,0.6745,True
synthetic_video_0034.mp4,audience,Entertainment,33.56,36.59,0.9791,True
synthetic_video_0034.mp4,playful interaction,Comedy,31.43,36.64,0.9648,True
synthetic_video_0034.mp4,coffee,Lifestyle,43.16,46.25,0.8533,True
synthetic_video_0034.mp4,restaurant,Food,58.5,60.94,0.5326,True
synthetic_video_0034.mp4,love,Romance,38.65,44.53,0.8023,True
synthetic_video_0034.mp4,city,Travel,63.7,66.06,0.8377,True
synthetic_video_0034.mp4,cycling,Sports,46.27,50.91,0.8207,True
synthetic_video_0034.mp4,fight,Action,55.54,61.34,0.8016,True
synthetic_video_0034.mp4,audience,Entertainment,75.33,76.89,0.9585,True
synthetic_video_0035.mp4,singing,Entertainment,0.0,4.64,0.9273,True
synthetic_video_0035.mp4,love,Romance,2.96,6.01,0.7748,True
synthetic_video_0035.mp4,athletics,Sports,7.85,9.62,0.7408,True
synthetic_video_0035.mp4,shopping,Lifestyle,9.89,12.72,0.8611,True
synthetic_video_0035.mp4,conversation,Drama,16.19,19.92,0.6301,True
synthetic_video_0035.mp4,sports,Sports,14.17,16.88,0.7779,True
synthetic_video_0035.mp4,basketball,Sports,18.06,23.24,0.8126,True
synthetic_video_0035.mp4,stage,Entertainment,20.43,23.37,0.7825,True
synthetic_video_0035.mp4,soccer,Sports,30.48,33.77,0.899,True
synthetic_video_0035.mp4,fight,Action,35.81,40.42,0.9528,True
synthetic_video_0035.mp4,tears,Drama,43.16,48.63,0.8269,True
synthetic_video_0035.mp4,audience,Entertainment,29.46,34.85,0.9397,True
synthetic_video_0035.mp4,sports,Sports,38.99,42.23,0.5925,True
synthetic_video_0035.mp4,fun,Comedy,48.12,51.4,0.9511,True
synthetic_video_0035.mp4,kiss,Romance,43.64,45.24,0.681,True
synthetic_video_0035.mp4,concert,Entertainment,41.37,46.9,0.7814,True
synthetic_video_0035.mp4,conversation,Drama,68.24,71.25,0.6357,True
synthetic_video_0035.mp4,rain,Nature,75.05,78.51,0.8287,True
synthetic_video_0035.mp4,exercise,Lifestyle,75.11,78.35,0.9154,True
synthetic_video_0035.mp4,travel,Travel,49.34,54.26,0.9506,True
synthetic_video_0035.mp4,battle,Action,57.63,62.09,0.6462,True
synthetic_video_0035.mp4,destruction,Action,65.85,68.83,0.9181,True
synthetic_video_0035.mp4,laugh,Comedy,56.57,58.14,0.7715,True
synthetic_video_0035.mp4,spotlight,Entertainment,62.4,68.05,0.8678,True
synthetic_video_0035.mp4,mountain,Nature,87.05,91.64,0.7102,True
synthetic_video_0036.mp4,smile,Comedy,0.0,4.09,0.9399,True
synthetic_video_0036.mp4,dance,Entertainment,2.51,8.34,0.721,True
synthetic_video_0036.mp4,running,Sports,8.95,10.9,0.9465,True
synthetic_video_0036.mp4,fun,Comedy,7.87,10.15,0.7285,True
synthetic_video_0036.mp4,scenery,Travel,15.66,19.25,0.8426,True
synthetic_video_0036.mp4,performance,Entertainment,19.62,25.34,0.9389,True
synthetic_video_0036.mp4,audience,Entertainment,18.08,21.45,0.9283,True
synthetic_video_0036.mp4,shopping,Lifestyle,30.14,34.89,0.6767,True
synthetic_video_0036.mp4,party,Entertainment,20.07,21.98,0.5982,True
synthetic_video_0036.mp4,music,Entertainment,30.01,35.89,0.9837,True
synthetic_video_0037.mp4,destruction,Action,0.0,2.21,0.8315,True
synthetic_video_0037.mp4,kitchen,Food,2.88,5.99,0.8161,True
synthetic_video_0037.mp4,meal,Food,7.14,12.71,0.9591,True
synthetic_video_0037.mp4,party,Entertainment,9.39,15.19,0.8898,True
synthetic_video_0037.mp4,cry,Drama,14.14,16.73,0.8481,True
synthetic_video_0037.mp4,stunt,Action,20.56,26.1,0.7439,True
synthetic_video_0037.mp4,dance,Entertainment,21.62,26.79,0.8408,True
synthetic_video_0037.mp4,wildlife,Nature,27.62,31.59,0.9504,True
synthetic_video_0037.mp4,stage,Entertainment,34.17,39.94,0.6831,True
synthetic_video_0037.mp4,swimming,Sports,23.49,27.76,0.7804,True
synthetic_video_0037.mp4,argument,Drama,35.15,37.4,0.8176,True
synthetic_video_0037.mp4,boxing,Sports,44.49,48.86,0.8423,True
synthetic_video_0037.mp4,fun,Comedy,43.34,47.13,0.8846,True
synthetic_video_0037.mp4,argument,Drama,37.33,40.47,0.887,True
synthetic_video_0037.mp4,sunset,Nature,40.55,44.02,0.8971,True
synthetic_video_0037.mp4,weapon,Action,64.08,65.89,0.9233,True
synthetic_video_0037.mp4,forest,Nature,56.18,59.67,0.85,True
synthetic_video_0037.mp4,ocean,Nature,58.39,63.11,0.7685,True
synthetic_video_0037.mp4,tears,Drama,68.29,73.91,0.8963,True
synthetic_video_0037.mp4,spotlight,Entertainment,54.52,57.14,0.8977,True
synthetic_video_0037.mp4,meal,Food,77.87,80.81,0.9469,True
synthetic_video_0037.mp4,performance,Entertainment,65.81,68.31,0.9856,True
synthetic_video_0037.mp4,argument,Drama,98.96,104.44,0.6555,True
synthetic_video_0037.mp4,fun,Comedy,75.05,77.96,0.8883,True
synthetic_video_0037.mp4,music,Entertainment,85.77,91.71,0.7336,True
synthetic_video_0037.mp4,sports,Sports,66.86,69.38,0.8846,True
synthetic_video_0037.mp4,stage,Entertainment,84.37,88.4,0.5705,True
synthetic_video_0037.mp4,performance,Entertainment,69.79,72.75,0.8143,True
synthetic_video_0038.mp4,audience,Entertainment,0.0,4.01,0.5709,True
synthetic_video_0038.mp4,candlelight,Romance,2.7,7.75,0.9373,True
synthetic_video_0038.mp4,joke,Comedy,5.43,9.06,0.9372,True
synthetic_video_0038.mp4,argument,Drama,13.17,16.67,0.7745,True
synthetic_video_0038.mp4,emotional reaction,Drama,14.92,18.83,0.8176,True
synthetic_video_0038.mp4,audience,Entertainment,20.19,22.07,0.9346,True
synthetic_video_0038.mp4,vehicle,Action,20.63,26.39,0.6605,True
synthetic_video_0038.mp4,athletics,Sports,29.47,33.21,0.9096,True
synthetic_video_0038.mp4,destruction,Action,34.91,39.44,0.8938,True
synthetic_video_0038.mp4,travel,Travel,36.0,38.1,0.9179,True
synthetic_video_0038.mp4,couple,Romance,31.9,37.79,0.832,True
synthetic_video_0038.mp4,performance,Entertainment,45.64,51.16,0.9298,True
synthetic_video_0038.mp4,tears,Drama,52.81,58.24,0.6603,True
synthetic_video_0038.mp4,music,Entertainment,34.92,39.75,0.8877,True
synthetic_video_0038.mp4,candlelight,Romance,42.63,48.23,0.8297,True
synthetic_video_0038.mp4,fashion,Lifestyle,39.21,41.67,0.9552,True
synthetic_video_0038.mp4,playful interaction,Comedy,50.2,55.77,0.5033,True
synthetic_video_0039.mp4,wildlife,Nature,0.0,2.39,0.9096,True
synthetic_video_0039.mp4,nature,Nature,3.99,5.57,0.9434,True
synthetic_video_0039.mp4,restaurant,Food,8.58,13.14,0.9076,True
synthetic_video_0039.mp4,dance,Entertainment,11.64,13.69,0.9788,True
synthetic_video_0039.mp4,singing,Entertainment,12.77,18.4,0.6752,True
synthetic_video_0039.mp4,basketball,Sports,19.72,21.36,0.8946,True
synthetic_video_0039.mp4,romance,Romance,18.24,21.51,0.8314,True
synthetic_video_0039.mp4,singing,Entertainment,24.64,26.44,0.7432,True
synthetic_video_0040.mp4,joke,Comedy,0.0,2.95,0.8547,True
synthetic_video_0040.mp4,argument,Drama,2.71,7.32,0.812,True
synthetic_video_0040.mp4,joke,Comedy,8.1,13.6,0.9029,True
synthetic_video_0040.mp4,dance,Entertainment,8.05,11.55,0.9277,True
synthetic_video_0040.mp4,joke,Comedy,12.93,17.24,0.9267,True
synthetic_video_0040.mp4,singing,Entertainment,16.27,21.15,0.891,True
synthetic_video_0040.mp4,food,Food,24.61,27.04,0.8969,True
synthetic_video_0040.mp4,couple,Romance,18.61,21.24,0.9584,True
synthetic_video_0040.mp4,cooking,Food,25.19,28.96,0.9413,True
synthetic_video_0040.mp4,shopping,Lifestyle,37.58,41.61,0.9384,True
synthetic_video_0040.mp4,tense moment,Drama,30.92,34.33,0.8682,True
synthetic_video_0040.mp4,crash,Action,30.62,33.9,0.9022,True
synthetic_video_0040.mp4,basketball,Sports,34.85,38.09,0.6779,True
synthetic_video_0040.mp4,playful interaction,Comedy,55.08,59.06,0.823,True
synthetic_video_0041.mp4,fight,Sports,0.0,3.6,0.8456,True
synthetic_video_0041.mp4,soccer,Sports,2.69,8.33,0.7777,True
synthetic_video_0041.mp4,kiss,Romance,5.74,8.71,0.9652,True
synthetic_video_0041.mp4,romance,Romance,8.25,12.6,0.8263,True
synthetic_video_0041.mp4,singing,Entertainment,11.18,16.26,0.7056,True
synthetic_video_0041.mp4,stage,Entertainment,19.12,24.0,0.8585,True
synthetic_video_0041.mp4,forest,Nature,20.37,22.97,0.6549,True
synthetic_video_0041.mp4,forest,Nature,30.63,36.28,0.7213,True
synthetic_video_0041.mp4,romance,Romance,29.29,31.64,0.8939,True
synthetic_video_0041.mp4,nature,Nature,34.31,37.85,0.8827,True
synthetic_video_0041.mp4,audience,Entertainment,32.5,34.08,0.6639,True
synthetic_video_0041.mp4,coffee,Lifestyle,38.27,42.04,0.8711,True
synthetic_video_0041.mp4,swimming,Sports,51.85,57.69,0.9633,True
synthetic_video_0041.mp4,tears,Drama,36.23,41.11,0.8504,True
synthetic_video_0041.mp4,festival,Entertainment,51.72,56.34,0.7052,True
synthetic_video_0041.mp4,sunset,Nature,41.97,44.63,0.7483,True
synthetic_video_0041.mp4,coffee,Lifestyle,52.51,55.15,0.8097,True
synthetic_video_0041.mp4,festival,Entertainment,65.63,69.69,0.8988,True
synthetic_video_0041.mp4,couple,Romance,50.11,54.72,0.9758,True
synthetic_video_0041.mp4,exercise,Lifestyle,78.75,81.04,0.7766,True
synthetic_video_0041.mp4,rain,Nature,71.88,74.22,0.9313,True
synthetic_video_0041.mp4,fight,Action,58.92,64.04,0.8861,True
synthetic_video_0041.mp4,coffee,Lifestyle,88.54,93.96,0.9293,True
synthetic_video_0042.mp4,train,Travel,0.0,3.16,0.8314,True
synthetic_video_0042.mp4,stunt,Action,2.51,6.46,0.8376,True
synthetic_video_0042.mp4,candlelight,Romance,7.81,13.18,0.8292,True
synthetic_video_0042.mp4,performance,Entertainment,9.82,12.56,0.749,True
synthetic_video_0042.mp4,city,Travel,11.34,15.52,0.8393,True
synthetic_video_0042.mp4,cry,Drama,18.86,22.93,0.9883,True
synthetic_video_0042.mp4,stage,Entertainment,21.42,27.41,0.9345,True
synthetic_video_0042.mp4,restaurant,Food,30.83,34.44,0.483,True
synthetic_video_0042.mp4,smile,Comedy,20.57,23.35,0.7859,True
synthetic_video_0042.mp4,meal,Food,25.61,30.35,0.5889,True
synthetic_video_0042.mp4,dance,Entertainment,43.8,49.43,0.9454,True
synthetic_video_0042.mp4,playful interaction,Comedy,38.06,41.68,0.9622,True
synthetic_video_0042.mp4,argument,Drama,52.55,58.31,0.8535,True
synthetic_video_0042.mp4,romance,Romance,52.52,55.97,0.5964,True
synthetic_video_0042.mp4,competition,Sports,38.37,42.28,0.9288,True
synthetic_video_0042.mp4,fun,Comedy,48.3,52.32,0.9696,True
synthetic_video_0042.mp4,wildlife,Nature,58.88,60.85,0.9112,True
synthetic_video_0042.mp4,fight,Sports,71.34,75.09,0.9411,True
synthetic_video_0042.mp4,tense moment,Drama,58.97,63.21,0.9049,True
synthetic_video_0042.mp4,shopping,Lifestyle,65.76,68.93,0.707,True
synthetic_video_0043.mp4,ocean,Nature,0.0,5.56,0.812,True
synthetic_video_0043.mp4,spotlight,Entertainment,3.95,6.48,0.9444,True
synthetic_video_0043.mp4,joke,Comedy,5.31,9.42,0.9277,True
synthetic_video_0043.mp4,chase,Action,13.0,18.65,0.9728,True
synthetic_video_0043.mp4,soccer,Sports,12.53,14.83,0.8615,True
synthetic_video_0043.mp4,playful interaction,Comedy,20.03,24.23,0.8072,True
synthetic_video_0043.mp4,music,Entertainment,15.75,20.1,0.9551,True
synthetic_video_0043.mp4,kiss,Romance,18.38,24.15,0.9365,True
synthetic_video_0043.mp4,conversation,Drama,32.69,37.15,0.9167,True
synthetic_video_0043.mp4,sunset,Nature,30.82,36.62,0.6984,True
synthetic_video_0044.mp4,audience,Entertainment,0.0,5.74,0.8425,True
synthetic_video_0044.mp4,battle,Action,2.86,8.78,0.8484,True
synthetic_video_0044.mp4,basketball,Sports,6.67,8.66,0.874,True
synthetic_video_0044.mp4,explosion,Action,7.86,11.87,0.936,True
synthetic_video_0044.mp4,nature,Nature,11.24,15.75,0.8997,True
synthetic_video_0044.mp4,tears,Drama,12.59,16.54,0.805,True
synthetic_video_0044.mp4,tense moment,Drama,22.35,26.82,0.7237,True
synthetic_video_0044.mp4,dance,Entertainment,17.56,22.84,0.9966,True
synthetic_video_0044.mp4,kitchen,Food,29.29,30.81,0.9825,True
synthetic_video_0044.mp4,fashion,Lifestyle,24.44,27.26,0.9791,True
synthetic_video_0044.mp4,rain,Nature,41.75,47.06,0.915,True
synthetic_video_0044.mp4,shopping,Lifestyle,34.92,36.63,0.8854,True
synthetic_video_0045.mp4,spotlight,Entertainment,0.0,1.5,0.9684,True
synthetic_video_0045.mp4,joke,Comedy,3.41,8.75,0.9089,True
synthetic_video_0045.mp4,candlelight,Romance,6.77,11.39,0.8106,True
synthetic_video_0045.mp4,conversation,Drama,9.23,13.28,0.8621,True
synthetic_video_0045.mp4,exercise,Lifestyle,16.94,21.69,0.9053,True
synthetic_video_0045.mp4,competition,Sports,19.57,23.21,0.9513,True
synthetic_video_0045.mp4,forest,Nature,15.28,19.64,0.855,True
synthetic_video_0045.mp4,scenery,Travel,24.56,26.83,0.9798,True
synthetic_video_0045.mp4,spotlight,Entertainment,31.69,35.78,0.84,True
synthetic_video_0045.mp4,festival,Entertainment,26.25,28.42,0.9706,True
synthetic_video_0045.mp4,spotlight,Entertainment,30.63,33.8,0.5059,True
synthetic_video_0045.mp4,music,Entertainment,37.34,42.6,0.8459,True
synthetic_video_0045.mp4,stage,Entertainment,45.44,48.44,0.5865,True
synthetic_video_0045.mp4,embrace,Drama,48.9,51.72,0.9232,True
synthetic_video_0045.mp4,candlelight,Romance,49.93,54.68,0.8422,True
synthetic_video_0045.mp4,love,Romance,50.54,53.83,0.9326,True
synthetic_video_0045.mp4,crash,Action,63.02,65.09,0.782,True
synthetic_video_0045.mp4,sports,Sports,65.3,70.18,0.7408,True
synthetic_video_0046.mp4,playful interaction,Comedy,0.0,3.11,0.8346,True
synthetic_video_0046.mp4,sunset,Nature,4.08,8.74,0.8877,True
synthetic_video_0046.mp4,emotional reaction,Drama,5.93,11.55,0.7879,True
synthetic_video_0046.mp4,spotlight,Entertainment,9.78,11.74,0.7248,True
synthetic_video_0046.mp4,city,Travel,16.61,20.0,0.9774,True
synthetic_video_0046.mp4,tears,Drama,18.5,20.36,0.6865,True
synthetic_video_0046.mp4,singing,Entertainment,26.34,29.79,0.8026,True
synthetic_video_0046.mp4,basketball,Sports,26.58,30.19,0.7587,True
synthetic_video_0046.mp4,wildlife,Nature,29.54,34.28,0.8682,True
synthetic_video_0046.mp4,couple,Romance,27.34,31.07,0.6686,True
synthetic_video_0046.mp4,basketball,Sports,32.52,35.67,0.8081,True
synthetic_video_0046.mp4,smile,Comedy,46.37,51.67,0.8749,True
synthetic_video_0046.mp4,laugh,Comedy,37.3,39.71,0.9724,True
synthetic_video_0046.mp4,love,Romance,44.43,50.14,0.9349,True
synthetic_video_0046.mp4,forest,Nature,49.51,51.95,0.9084,True
synthetic_video_0046.mp4,concert,Entertainment,37.95,39.89,0.9227,True
synthetic_video_0046.mp4,cry,Drama,49.64,53.77,0.7851,True
synthetic_video_0046.mp4,kitchen,Food,66.43,69.2,0.5177,True
synthetic_video_0046.mp4,emotional reaction,Drama,74.71,77.69,0.8944,True
synthetic_video_0046.mp4,tears,Drama,58.28,62.67,0.8885,True
synthetic_video_0046.mp4,sunset,Nature,76.25,81.94,0.7802,True
synthetic_video_0046.mp4,food,Food,69.52,75.06,0.9486,True
synthetic_video_0047.mp4,audience,Entertainment,0.0,5.68,0.8333,True
synthetic_video_0047.mp4,sky,Nature,4.16,6.82,0.7337,True
synthetic_video_0047.mp4,fun,Comedy,7.81,12.3,0.836,True
synthetic_video_0047.mp4,tears,Drama,10.82,16.52,0.9578,True
synthetic_video_0047.mp4,rain,Nature,14.44,17.12,0.8498,True
synthetic_video_0047.mp4,love,Romance,18.4,23.29,0.9618,True
synthetic_video_0047.mp4,performance,Entertainment,15.42,18.68,0.7082,True
synthetic_video_0047.mp4,destruction,Action,22.95,27.79,0.947,True
synthetic_video_0047.mp4,sky,Nature,30.85,36.66,0.8038,True
synthetic_video_0047.mp4,party,Entertainment,29.77,32.18,0.9177,True
synthetic_video_0047.mp4,boxing,Sports,32.23,36.91,0.9832,True
synthetic_video_0047.mp4,restaurant,Food,31.95,36.27,0.9574,True
synthetic_video_0047.mp4,celebration,Entertainment,33.29,37.2,0.8714,True
synthetic_video_0047.mp4,celebration,Entertainment,33.59,35.63,0.9696,True
synthetic_video_0047.mp4,cooking,Food,57.34,62.24,0.7544,True
synthetic_video_0048.mp4,fun,Comedy,0.0,1.55,0.9262,True
synthetic_video_0048.mp4,emotional reaction,Drama,4.36,6.07,0.8854,True
synthetic_video_0048.mp4,embrace,Drama,5.23,6.93,0.8234,True
synthetic_video_0048.mp4,weapon,Action,10.48,12.94,0.8831,True
synthetic_video_0048.mp4,laugh,Comedy,12.24,15.75,0.8797,True
synthetic_video_0048.mp4,battle,Action,15.27,17.24,0.9206,True
synthetic_video_0048.mp4,kiss,Romance,19.62,21.6,0.7784,True
synthetic_video_0048.mp4,conversation,Drama,23.03,27.05,0.9851,True
synthetic_video_0048.mp4,laugh,Comedy,35.89,40.35,0.5836,True
synthetic_video_0048.mp4,audience,Entertainment,35.87,39.77,0.9984,True
synthetic_video_0049.mp4,coffee,Lifestyle,0.0,2.22,0.8457,True
synthetic_video_0049.mp4,running,Sports,3.43,5.68,0.799,True
synthetic_video_0049.mp4,vehicle,Action,7.8,9.55,0.7222,True
synthetic_video_0049.mp4,sports,Sports,9.61,11.45,0.7298,True
synthetic_video_0049.mp4,beach,Travel,13.83,17.57,0.7471,True
synthetic_video_0049.mp4,romance,Romance,13.72,19.66,0.8479,True
synthetic_video_0049.mp4,battle,Action,19.15,23.17,0.7959,True
synthetic_video_0049.mp4,train,Travel,29.67,34.08,0.624,True
synthetic_video_0049.mp4,fight,Action,31.93,35.61,0.8459,True
synthetic_video_0049.mp4,ocean,Nature,23.75,26.1,0.9252,True
synthetic_video_0049.mp4,athletics,Sports,28.4,34.22,0.9602,True
synthetic_video_0049.mp4,weapon,Action,34.21,36.66,0.4419,True
synthetic_video_0049.mp4,explosion,Action,33.06,38.81,0.8999,True
synthetic_video_0049.mp4,beach,Travel,57.26,61.39,0.8415,True
synthetic_video_0049.mp4,kiss,Romance,59.78,64.47,0.7899,True
synthetic_video_0049.mp4,vehicle,Action,52.38,56.02,0.705,True
synthetic_video_0049.mp4,cycling,Sports,40.68,44.11,0.9486,True
synthetic_video_0049.mp4,kitchen,Food,48.34,51.93,0.7886,True
